{"_id":{"$oid":"5ddb40d2cec38a57f9af2dca"},"username":"hi","password":"12.0","score":0}
{"_id":{"$oid":"5ddb5d031ee0c54a5f540d63"},"username":"lamebro1","password":"thelamegayy", "score":0}
{"_id":{"$oid":"5ddb7a7ecbc15e090434f1e7"},"username":"heyx2","password":"21","score":0}
{"_id":{"$oid":"5ddba28af2d70b384b78af99"},"username":"hello","password":"apassword", "score":0}
{"_id":{"$oid":"5ddba29af2d70b384b78af9a"},"username":"completethiC","password":"bigBoi", "score":0}
{"_id":{"$oid":"5ddba2b5f2d70b384b78af9b"},"username":"Theplayer","password":"playerofthee", "score":0}
{"_id":{"$oid":"5ddba351f2d70b384b78af9d"},"username":"squareMAn","password":"quesquare","score":0}
{"_id":{"$oid":"5ddba388f2d70b384b78af9e"},"username":"pleaseme","password":"quiteplEasent","score":0}
{"_id":{"$oid":"5ddba399f2d70b384b78af9f"},"username":"edibles","password":"delicioustasty","score":0}
{"_id":{"$oid":"5ddba3eff2d70b384b78afa0"},"username":"aman","password":"badgroup","score":0}
{"_id":{"$oid":"5ddba405f2d70b384b78afa1"},"username":"biber","password":"quiteetiuq","score":0}
{"_id":{"$oid":"5ddba456f2d70b384b78afa2"},"username":"bingingwithbabooh","password":"basicpass","score":0}
{"_id":{"$oid":"5ddba469f2d70b384b78afa3"},"username":"daTejusT","password":"Roleee","score":0}
